{
  "train_ade": [
    0.7924819853098758,
    0.36946103110765394,
    0.2640763205076366,
    0.23858307063423118,
    0.2354694528216765,
    0.23380789393758675,
    0.23256006297213583,
    0.22938866491765136,
    0.22983578838515176,
    0.22974054744926503,
    0.23161797406968573,
    0.23114543907905505,
    0.21854019738579553,
    0.2241987588749268,
    0.2290184530943643,
    0.23091674826551845
  ],
  "val_ade": [
    0.7131658998201059,
    1.257934454947479,
    1.1338867516111033,
    0.8310555883525877,
    1.0040526332966118,
    0.9035913724677507,
    0.8965762451452802,
    0.938149470673051,
    0.8318761301040649,
    0.8660845037024151,
    0.883755504955617,
    0.9538538978450982,
    0.8431948526885158,
    0.8550436519097913,
    0.8332546710783197,
    0.8190884787722151
  ],
  "train_loss": [
    0.7297902476908761,
    0.13228958029260493,
    0.06411951467186404,
    0.05376861016694749,
    0.05264504749987952,
    0.05330964843965796,
    0.052403141339497174,
    0.051019417988753084,
    0.055582641651359774,
    0.05161466060100534,
    0.05181191926929435,
    0.05171123998732047,
    0.04675918782797055,
    0.048828058448014945,
    0.05196824278174403,
    0.05252906263776624
  ],
  "val_loss": [
    0.5733485117439152,
    1.998382312826408,
    1.9395292062167973,
    1.0953475406742834,
    1.5098171900409136,
    1.104681285148443,
    1.2595881075452464,
    1.1831806670972542,
    0.8499342830328979,
    1.0927467608451844,
    1.0490121187905008,
    1.2633257446917452,
    1.0831764333192693,
    0.9946199403437533,
    0.8839694730810417,
    0.8794454739075298
  ],
  "best_val_ade": 0.7131658998201059
}